metric,threshold_from,threshold_to,worst_group_reversal_rate,kendall_tau_mean,kendall_tau_sd,ranking_instability_mean,ranking_instability_sd,magnitude_change_mean,magnitude_change_sd,magnitude_change_q025,magnitude_change_median,magnitude_change_q975
FNR,0.3,0.35,0.001,0.7980714285714284,0.06569552981239447,0.2019285714285715,0.06569552981239446,0.01373857287559257,0.0009759091888848706,0.011925119605380645,0.013771869442766873,0.015718196694686517
FNR,0.35,0.4,0.0,0.8173571428571427,0.0825018578976047,0.18264285714285722,0.0825018578976047,0.02395843452236238,0.001670088185868177,0.020838412570552203,0.023984722568397822,0.02705513428791285
FNR,0.4,0.45,0.0,0.7784285714285714,0.07755099621640597,0.22157142857142867,0.07755099621640597,0.042429537455436914,0.0018319655843754958,0.03881973139350199,0.04249488643496209,0.04593326355744816
FNR,0.45,0.5,0.0,0.9572857142857142,0.04600414859347201,0.042714285714285864,0.04600414859347201,0.052829984007993845,0.002126175311961378,0.048520009604365845,0.05290531446727272,0.05678786933656833
FNR,0.5,0.55,0.0,0.9332142857142859,0.03418168772209221,0.06678571428571438,0.034181687722092215,0.05043377351448406,0.002502401082797587,0.045656224222224435,0.05047461499216287,0.055308922611790344
FNR,0.55,0.6,0.0,0.8682142857142858,0.0268324464830529,0.1317857142857143,0.0268324464830529,0.04046357220643836,0.0028413281773112405,0.03489815529696237,0.04048678514471982,0.04606837376666128
FNR,0.6,0.65,0.0,0.9345714285714287,0.029373831988338636,0.06542857142857153,0.029373831988338633,0.009522237092049973,0.004174438633839918,0.0019900622596367113,0.009366017443931313,0.01827573530434634
FNR,0.65,0.7,0.0,0.9210714285714287,0.026157793265408718,0.07892857142857153,0.026157793265408725,0.024711919431112245,0.002965910807571627,0.019293809189822448,0.02477062901205221,0.030697342969414957
FPR,0.3,0.35,0.0,0.945,0.030074505889139742,0.05500000000000011,0.030074505889139735,0.04404617128000587,0.001741881146522562,0.040722890171076075,0.044019547740734535,0.04744874734159694
FPR,0.35,0.4,0.0,0.9835714285714285,0.030074505889139735,0.016428571428571615,0.03007450588913974,0.08709186612513659,0.0013961513899334163,0.08436472233598677,0.08714702298251055,0.0897100631792723
FPR,0.4,0.45,0.0,0.9949999999999999,0.018511878035572533,0.005000000000000213,0.018511878035572533,0.06768955524203452,0.001038475107467228,0.06566343699547979,0.06767651199709407,0.06964807919716501
FPR,0.45,0.5,0.325,0.9551428571428571,0.05000541328380566,0.044857142857143005,0.05000541328380566,0.03372003116200079,0.0007536200127161595,0.0322115896907034,0.033738572754320004,0.035208426028084744
FPR,0.5,0.55,0.675,0.8530714285714287,0.05525217464320119,0.14692857142857146,0.05525217464320119,0.011123518758603027,0.00042430340910762577,0.010359052502902403,0.01109997585208623,0.01204072070213452
FPR,0.55,0.6,0.0,0.8757142857142857,0.07393707582111218,0.12428571428571437,0.07393707582111218,0.0038323579860360716,0.00022966640856450298,0.003368355600150257,0.00382926893333127,0.004299498308757887
FPR,0.6,0.65,0.058,0.7836428571428571,0.09329197268617424,0.21635714285714294,0.09329197268617424,0.0009851077894748076,0.00011459869234794992,0.0007639882007606152,0.0009853878531898863,0.0012229187119613297
FPR,0.65,0.7,0.966,0.5110714285714285,0.1409673190862211,0.4889285714285715,0.1409673190862211,0.00020579648910026165,5.0463316725696886e-05,0.00011732282242972641,0.00020034266242024978,0.00030697841219810216
