threshold,group,rank
0.3,AF,1
0.3,BM,2
0.3,AM,3
0.3,WF,4
0.3,BF,5
0.3,WM,6
0.3,IM,7
0.3,IF,8
0.35,AF,1
0.35,AM,2
0.35,BM,3
0.35,WF,4
0.35,IM,5
0.35,BF,6
0.35,WM,7
0.35,IF,8
0.4,AF,1
0.4,AM,2
0.4,BM,3
0.4,WF,4
0.4,IM,5
0.4,BF,6
0.4,IF,7
0.4,WM,8
0.45,AF,1
0.45,WF,2
0.45,AM,3
0.45,BM,4
0.45,BF,5
0.45,IF,6
0.45,IM,7
0.45,WM,8
0.5,AF,1
0.5,WF,2
0.5,AM,3
0.5,BM,4
0.5,BF,5
0.5,IF,6
0.5,IM,7
0.5,WM,8
0.55,AF,1
0.55,WF,2
0.55,AM,3
0.55,BF,4
0.55,BM,5
0.55,IF,6
0.55,IM,7
0.55,WM,8
0.6,AF,1
0.6,WF,2
0.6,BF,3
0.6,AM,4
0.6,IF,5
0.6,BM,6
0.6,IM,7
0.6,WM,8
0.65,AF,1
0.65,WF,2
0.65,BF,3
0.65,AM,4
0.65,IF,5
0.65,BM,6
0.65,WM,7
0.65,IM,8
0.7,AF,1
0.7,WF,2
0.7,BF,3
0.7,IF,4
0.7,AM,5
0.7,BM,6
0.7,WM,7
0.7,IM,8
