sample_size,group,TPR,FNR,FPR
100000,AF,0.7469512195121951,0.2530487804878049,0.017250732342410764
100000,AM,0.8070392096326027,0.19296079036739736,0.010575159166936441
100000,BF,0.8384732824427481,0.1615267175572519,0.007490230134607034
100000,BM,0.8178650617675008,0.1821349382324992,0.006959314775160599
100000,IF,0.8367531683765842,0.1632468316234158,0.017940632815048384
100000,IM,0.8485509504518541,0.15144904954814584,0.008505598621877691
100000,WF,0.8007368744243168,0.19926312557568315,0.0017301038062283738
100000,WM,0.8828076685219542,0.11719233147804577,0.0022663500971292897
100000,AF,0.7355576150756874,0.26444238492431266,0.016090712742980563
100000,AM,0.8025725396350584,0.19742746036494166,0.01265960929826476
100000,BF,0.8318070818070818,0.1681929181929182,0.00890239930517859
100000,BM,0.8272138228941684,0.17278617710583152,0.00648228176318064
100000,IF,0.8461770927772742,0.1538229072227259,0.01966963703542708
100000,IM,0.8531941031941032,0.1468058968058968,0.008007791364570934
100000,WF,0.8003685503685504,0.19963144963144963,0.0017299167477565142
100000,WM,0.8824767057409078,0.11752329425909228,0.001962280606126676
100000,AF,0.752304490038656,0.24769550996134404,0.01751696956426538
100000,AM,0.8060292326431181,0.19397076735688185,0.0137714161787031
100000,BF,0.8407486959189936,0.15925130408100643,0.008560901603814477
100000,BM,0.8408175905853206,0.15918240941467945,0.008739749676305567
100000,IF,0.8383685800604229,0.16163141993957703,0.018041517226388436
100000,IM,0.8729298404095152,0.1270701595904848,0.0074106364428945075
100000,WF,0.7947932618683001,0.20520673813169985,0.0016233766233766235
100000,WM,0.8736014514665861,0.12639854853341398,0.0011965626019797672
100000,AF,0.7333536957849726,0.2666463042150275,0.01832375582782175
100000,AM,0.8205590622182146,0.17944093778178538,0.014271707157642444
100000,BF,0.8315691158156912,0.16843088418430885,0.01045822102425876
100000,BM,0.8234764335034525,0.17652356649654757,0.0066550294566877595
100000,IF,0.8501783590963139,0.14982164090368608,0.019350606756313546
100000,IM,0.8662790697674418,0.13372093023255813,0.008234911691407519
100000,WF,0.8018364928909952,0.19816350710900474,0.00186219739292365
100000,WM,0.8841069781739932,0.11589302182600676,0.001622147723586028
100000,AF,0.7536975550860248,0.24630244491397524,0.01644163763066202
100000,AM,0.8112858464384829,0.1887141535615171,0.014250242901867646
100000,BF,0.8298829882988299,0.1701170117011701,0.00906707450294953
100000,BM,0.8335850196315313,0.16641498036846875,0.0063139560200304815
100000,IF,0.8457591306972533,0.15424086930274675,0.016416612307023265
100000,IM,0.859511606873681,0.14048839312631897,0.008278867102396514
100000,WF,0.804945054945055,0.19505494505494506,0.0020587279228518798
100000,WM,0.8869488014205387,0.11305119857946137,0.0007674597083653108
100000,AF,0.7364485981308411,0.2635514018691589,0.017336061160762355
100000,AM,0.8134057971014492,0.18659420289855072,0.013595823363062868
100000,BF,0.8287395478476308,0.17126045215236915,0.008533160509829336
100000,BM,0.828042328042328,0.17195767195767195,0.006047278724573941
100000,IF,0.8505106778087279,0.14948932219127206,0.017025862068965517
100000,IM,0.8697517621820411,0.13024823781795894,0.008013861815031406
100000,WF,0.7883855275159622,0.2116144724840377,0.0014105902777777778
100000,WM,0.8834204860043063,0.11657951399569363,0.0011893177640826035
100000,AF,0.7393992932862191,0.26060070671378094,0.015492802988682563
100000,AM,0.8158778625954198,0.18412213740458017,0.010183078756364424
100000,BF,0.8360109123976963,0.16398908760230374,0.0087070091423596
100000,BM,0.8204890126895698,0.17951098731043022,0.006151521692208072
100000,IF,0.846644397206195,0.15335560279380503,0.01746582772835756
100000,IM,0.8548486720197653,0.14515132798023472,0.007128199589588508
100000,WF,0.7928066400245927,0.2071933599754073,0.001621271076523995
100000,WM,0.8856536245071277,0.11434637549287231,0.0020645441703792244
100000,AF,0.7416413373860182,0.25835866261398177,0.018246985988921473
100000,AM,0.8156028368794326,0.18439716312056736,0.011119507718881571
100000,BF,0.8383777239709443,0.16162227602905568,0.008929543722095175
100000,BM,0.8206000618620476,0.17939993813795235,0.005936960276338514
100000,IF,0.8465943339361061,0.15340566606389391,0.015881649080822364
100000,IM,0.8656856606136506,0.1343143393863494,0.007954423304310438
100000,WF,0.7915676959619953,0.20843230403800475,0.0016416766991353836
100000,WM,0.888088808880888,0.11191119111911191,0.001636304134395113
100000,AF,0.7372372372372372,0.2627627627627628,0.01810843242063925
100000,AM,0.8128423615337796,0.18715763846622033,0.012689804772234274
100000,BF,0.8341303048416019,0.16586969515839808,0.00929876381139919
100000,BM,0.8281818181818181,0.17181818181818181,0.0058714798303794715
100000,IF,0.8448786264061575,0.1551213735938425,0.017190408409066025
100000,IM,0.8485591661557327,0.15144083384426732,0.007688142934488359
100000,WF,0.8058787507654623,0.19412124923453766,0.001731789154670419
100000,WM,0.8909090909090909,0.10909090909090909,0.0019448946515397082
100000,AF,0.7531051196607089,0.24689488033929113,0.0156589821661592
100000,AM,0.815640796907523,0.18435920309247694,0.010609209231105764
100000,BF,0.8239458294859957,0.17605417051400432,0.010067114093959731
100000,BM,0.8289031469599756,0.17109685304002445,0.007263660017346054
100000,IF,0.8390591148251315,0.16094088517486846,0.01584051724137931
100000,IM,0.8622448979591837,0.1377551020408163,0.007855973813420621
100000,WF,0.8116823851536356,0.18831761484636447,0.0015187676285528314
100000,WM,0.8821599045346062,0.1178400954653938,0.0014210756449497158
100000,AF,0.7456630402822699,0.25433695971773007,0.016710642040457344
100000,AM,0.8201330108827086,0.1798669891172914,0.012611437268971515
100000,BF,0.8311887254901961,0.16881127450980393,0.00845711807437927
100000,BM,0.8326206475259621,0.16737935247403787,0.0056380787162528465
100000,IF,0.8455064622783288,0.15449353772167118,0.01796602787456446
100000,IM,0.8721251149954001,0.12787488500459981,0.0073624945864010395
100000,WF,0.7904903417533432,0.20950965824665677,0.001312910284463895
100000,WM,0.8865948533812088,0.11340514661879114,0.001310329766324525
100000,AF,0.7418032786885246,0.2581967213114754,0.017908847184986594
100000,AM,0.8191584601611459,0.18084153983885407,0.012452211906062261
100000,BF,0.8324655436447167,0.1675344563552833,0.009217089568423336
100000,BM,0.8257735055572244,0.1742264944427756,0.007089877835951134
100000,IF,0.8428927680798005,0.1571072319201995,0.01784370633129098
100000,IM,0.8558842039018251,0.14411579609817496,0.00826268912973495
100000,WF,0.8019645120405576,0.19803548795944234,0.0012835597390095197
100000,WM,0.8872727272727273,0.11272727272727273,0.0010869565217391304
100000,AF,0.7515337423312883,0.24846625766871167,0.016996860452527875
100000,AM,0.8061472915398661,0.1938527084601339,0.012472885032537961
100000,BF,0.8505138586110246,0.1494861413889754,0.01078050884001725
100000,BM,0.8299570288520565,0.17004297114794353,0.006277735685680268
100000,IF,0.8330308529945554,0.16696914700544466,0.016295491580662683
100000,IM,0.8646754038402926,0.1353245961597074,0.008029513888888888
100000,WF,0.7887067395264117,0.21129326047358835,0.0022798827488872
100000,WM,0.8809667673716012,0.1190332326283988,0.002393906420021763
100000,AF,0.7509715994020927,0.24902840059790732,0.018247377622377624
100000,AM,0.82404603270745,0.17595396729254997,0.01086484137331595
100000,BF,0.8341968911917098,0.16580310880829016,0.008907234412339779
100000,BM,0.8334838903944595,0.1665161096055405,0.006865736704446382
100000,IF,0.8514911746804625,0.14850882531953744,0.0186449864498645
100000,IM,0.8671564126109581,0.13284358738904192,0.009317443120260022
100000,WF,0.7959501557632399,0.20404984423676012,0.0019365250134480904
100000,WM,0.8865507776761208,0.11344922232387923,0.0013013772909662726
100000,AF,0.7444213031835764,0.2555786968164237,0.018279334500875658
100000,AM,0.811778992106861,0.18822100789313903,0.013677811550151976
100000,BF,0.8343373493975904,0.16566265060240964,0.008836042325733609
100000,BM,0.8363970588235294,0.1636029411764706,0.006173508068883353
100000,IF,0.8558951965065502,0.14410480349344978,0.017947340139709833
100000,IM,0.8592188919164396,0.1407811080835604,0.007613661083315205
100000,WF,0.8013613861386139,0.19863861386138615,0.0016175994823681655
100000,WM,0.8930317848410758,0.1069682151589242,0.0008669267446900737
100000,AF,0.7450921171851405,0.25490788281485954,0.017091225778358372
100000,AM,0.8137135922330098,0.1862864077669903,0.013463626492942454
100000,BF,0.8275256222547585,0.17247437774524157,0.009369488536155202
100000,BM,0.8244157441574416,0.17558425584255843,0.005408328826392645
100000,IF,0.8465073529411765,0.15349264705882354,0.014383043149129448
100000,IM,0.8571428571428571,0.14285714285714285,0.008208383495676918
100000,WF,0.7968602825745683,0.20313971742543172,0.0013948497854077253
100000,WM,0.8841756919374247,0.11582430806257521,0.0015257192676547515
100000,AF,0.7454162909528104,0.2545837090471897,0.01559432933478735
100000,AM,0.8180989978742788,0.18190100212572122,0.011614023662216434
100000,BF,0.8203240058910162,0.1796759941089838,0.009018917729872416
100000,BM,0.8295420078859569,0.17045799211404308,0.006304347826086957
100000,IF,0.8484026522001206,0.15159734779987943,0.01751332535624932
100000,IM,0.8618343195266273,0.13816568047337277,0.008884501480750246
100000,WF,0.8135749385749386,0.18642506142506143,0.0014055573575521678
100000,WM,0.8748858447488584,0.12511415525114156,0.002170374389582203
100000,AF,0.7479401891974367,0.25205981080256334,0.018546637744034707
100000,AM,0.8160463697376449,0.1839536302623551,0.011486779367143476
100000,BF,0.8302583025830258,0.16974169741697417,0.009312398484028154
100000,BM,0.8265947888589398,0.1734052111410602,0.007206813714784888
100000,IF,0.8491432068543452,0.15085679314565484,0.020231526560640485
100000,IM,0.8599328654256942,0.14006713457430578,0.008026030368763558
100000,WF,0.7961515333734215,0.20384846662657846,0.0018520536006100883
100000,WM,0.8863000931966449,0.11369990680335508,0.0017239521603275509
100000,AF,0.7428571428571429,0.2571428571428571,0.017486694906049746
100000,AM,0.8072252580449302,0.19277474195506983,0.013569257490230134
100000,BF,0.8192226574269358,0.1807773425730642,0.009380453752181502
100000,BM,0.8325638658048631,0.16743613419513698,0.0067041522491349485
100000,IF,0.8509335782063054,0.14906642179369453,0.01698398961488533
100000,IM,0.8660550458715597,0.13394495412844037,0.00845345182616235
100000,WF,0.7938366718027735,0.2061633281972265,0.002591792656587473
100000,WM,0.8825898389095415,0.11741016109045849,0.0019413287316652286
100000,AF,0.7456246228123115,0.2543753771876886,0.01753239682021126
100000,AM,0.8209972127593682,0.17900278724063176,0.013366389996766197
100000,BF,0.826940501359106,0.17305949864089398,0.00980819529206626
100000,BM,0.8244437671441633,0.17555623285583663,0.006944444444444444
100000,IF,0.8443239987955435,0.1556760012044565,0.01719260065288357
100000,IM,0.8686064318529862,0.13139356814701378,0.008340554592720971
100000,WF,0.7970401691331924,0.2029598308668076,0.001631498803567544
100000,WM,0.885600976205003,0.11439902379499695,0.0011927998265018433
50000,AF,0.7636363636363637,0.23636363636363636,0.018052869116698903
50000,AM,0.8196239717978848,0.18037602820211515,0.016260162601626018
50000,BF,0.82158185162477,0.17841814837522993,0.010407632263660017
50000,BM,0.8287961282516636,0.17120387174833634,0.007181719260065288
50000,IF,0.8299939283545841,0.1700060716454159,0.018655097613882864
50000,IM,0.8553034947884733,0.14469650521152666,0.007147498375568551
50000,WF,0.7888819487820112,0.21111805121798877,0.001934651762682717
50000,WM,0.8897783251231527,0.1102216748768473,0.00108084738434933
50000,AF,0.7504690431519699,0.24953095684803,0.01806840180684018
50000,AM,0.8101571946795647,0.18984280532043532,0.011089367253750815
50000,BF,0.8135068153655515,0.18649318463444858,0.008641175199827177
50000,BM,0.8075539568345323,0.19244604316546762,0.006331877729257642
50000,IF,0.8524984948826009,0.14750150511739915,0.021105308964316796
50000,IM,0.8618459729570841,0.13815402704291593,0.008137233340664175
50000,WF,0.8101796407185629,0.18982035928143712,0.0017455814968361336
50000,WM,0.8741302972802024,0.12586970271979758,0.0008567144998929107
50000,AF,0.7383966244725738,0.2616033755274262,0.01656134234037917
50000,AM,0.8090796019900498,0.19092039800995025,0.01054897739504844
50000,BF,0.8122448979591836,0.18775510204081633,0.005742049469964664
50000,BM,0.8431001890359168,0.15689981096408318,0.008581849388543231
50000,IF,0.8420085731781997,0.15799142682180037,0.01578719723183391
50000,IM,0.8661219358893778,0.13387806411062225,0.009233412067854841
50000,WF,0.8,0.2,0.00129366106080207
50000,WM,0.8834244080145719,0.11657559198542805,0.001955246578318488
50000,AF,0.7529411764705882,0.24705882352941178,0.016835743578674726
50000,AM,0.7964824120603015,0.20351758793969849,0.011800042909246944
50000,BF,0.8510116492949111,0.1489883507050889,0.0075888985255854295
50000,BM,0.8373887240356083,0.1626112759643917,0.007012930089853167
50000,IF,0.8481238832638476,0.15187611673615248,0.019222367846221056
50000,IM,0.863339275103981,0.13666072489601902,0.008105147864184009
50000,WF,0.7988929889298892,0.2011070110701107,0.0028095958504430517
50000,WM,0.8863636363636364,0.11363636363636363,0.0019288469781397343
50000,AF,0.7478527607361963,0.25214723926380367,0.01667388479861412
50000,AM,0.8,0.2,0.013252226808603084
50000,BF,0.8350208457415128,0.1649791542584872,0.008983347940403156
50000,BM,0.8202315661182206,0.1797684338817794,0.005860646841762535
50000,IF,0.8449328449328449,0.15506715506715507,0.01710326910586707
50000,IM,0.8656716417910447,0.13432835820895522,0.011152416356877323
50000,WF,0.7863894139886578,0.21361058601134217,0.0012858979854264896
50000,WM,0.8954748247291269,0.10452517527087317,0.0017090365306558428
50000,AF,0.7342657342657343,0.26573426573426573,0.017967914438502673
50000,AM,0.8062064597846739,0.19379354021532616,0.013478818998716302
50000,BF,0.8301886792452831,0.16981132075471697,0.010116560369474378
50000,BM,0.8154481132075472,0.18455188679245282,0.0063708260105448155
50000,IF,0.847323600973236,0.152676399026764,0.019726858877086494
50000,IM,0.8678696158323632,0.13213038416763678,0.010816777041942605
50000,WF,0.7911622276029056,0.20883777239709442,0.0015214083894805478
50000,WM,0.8904933814681107,0.1095066185318893,0.0017436791630340018
50000,AF,0.744378698224852,0.2556213017751479,0.01733216322948662
50000,AM,0.8040416411512553,0.19595835884874463,0.0158008658008658
50000,BF,0.8283627510651248,0.17163724893487523,0.011739130434782608
50000,BM,0.8316417910447761,0.16835820895522388,0.007434944237918215
50000,IF,0.8490449784349969,0.15095502156500307,0.017911091929218817
50000,IM,0.8667076167076168,0.1332923832923833,0.008225108225108226
50000,WF,0.8091982597886886,0.19080174021131138,0.0008613264427217916
50000,WM,0.8880407124681934,0.11195928753180662,0.001496365968362548
50000,AF,0.7345565749235474,0.2654434250764526,0.01582484283546499
50000,AM,0.7962740384615384,0.20372596153846154,0.015253867945086076
50000,BF,0.8257107540173053,0.17428924598269468,0.00908108108108108
50000,BM,0.823238566131026,0.17676143386897405,0.00755939524838013
50000,IF,0.8524984948826009,0.14750150511739915,0.01784160139251523
50000,IM,0.8674404398289554,0.1325595601710446,0.008458035133376708
50000,WF,0.7917942437232088,0.2082057562767912,0.002813852813852814
50000,WM,0.8714810281517748,0.12851897184822522,0.0010831889081455806
50000,AF,0.7351116625310173,0.2648883374689826,0.01898188093183779
50000,AM,0.8075030750307504,0.1924969249692497,0.011670628917224984
50000,BF,0.8261138613861386,0.17388613861386137,0.007780419278149989
50000,BM,0.8266003729024238,0.17339962709757614,0.007760293166630739
50000,IF,0.8486127864897467,0.1513872135102533,0.016525331593824744
50000,IM,0.8582725060827251,0.14172749391727493,0.009774109470026065
50000,WF,0.8057553956834532,0.19424460431654678,0.0021810250817884407
50000,WM,0.8833034111310593,0.11669658886894076,0.0021838829438742082
50000,AF,0.7417380660954712,0.2582619339045288,0.017555266579973992
50000,AM,0.8233477455219271,0.1766522544780729,0.010574018126888218
50000,BF,0.8301320528211285,0.16986794717887155,0.011361153594057243
50000,BM,0.8312577833125778,0.16874221668742218,0.005601034037052995
50000,IF,0.8439235040098705,0.15607649599012954,0.014667817083692839
50000,IM,0.8709483793517407,0.1290516206482593,0.007202095154954169
50000,WF,0.812124849939976,0.187875150060024,0.001962066710268149
50000,WM,0.8892835997631735,0.11071640023682652,0.00065775049331287
50000,AF,0.7604042806183116,0.23959571938168847,0.018615856329391153
50000,AM,0.8047735618115055,0.1952264381884945,0.009958865555315003
50000,BF,0.8194532739987286,0.18054672600127145,0.009421841541755889
50000,BM,0.8204031765424558,0.1795968234575443,0.007807417046193884
50000,IF,0.8329355608591885,0.16706443914081145,0.018773193625845886
50000,IM,0.8677839851024208,0.13221601489757914,0.006038386888074186
50000,WF,0.7970501474926254,0.20294985250737463,0.0028521281263712154
50000,WM,0.895910780669145,0.10408921933085502,0.0008628127696289905
50000,AF,0.7341075794621027,0.2658924205378973,0.013443191673894189
50000,AM,0.8150252525252525,0.1849747474747475,0.011351467123581066
50000,BF,0.8301886792452831,0.16981132075471697,0.007522028798624543
50000,BM,0.8380893300248139,0.1619106699751861,0.0064710957722174285
50000,IF,0.8471641791044776,0.1528358208955224,0.015277171540811872
50000,IM,0.8430094786729858,0.15699052132701422,0.008114035087719297
50000,WF,0.7957575757575758,0.20424242424242425,0.001955246578318488
50000,WM,0.8882783882783882,0.11172161172161173,0.0006504770164787511
50000,AF,0.7349624060150376,0.2650375939849624,0.01633705932932072
50000,AM,0.8228672985781991,0.17713270142180096,0.012705366922234392
50000,BF,0.8320288982540638,0.16797110174593619,0.011130510694020079
50000,BM,0.8474470734744707,0.15255292652552926,0.0062473071951744934
50000,IF,0.8444976076555024,0.15550239234449761,0.015267175572519083
50000,IM,0.8646209386281588,0.13537906137184116,0.0085041430440471
50000,WF,0.7896613190730838,0.2103386809269162,0.001312910284463895
50000,WM,0.8868274582560297,0.11317254174397032,0.00151090006475286
50000,AF,0.7340025094102886,0.2659974905897114,0.019123334765792865
50000,AM,0.8124231242312423,0.1875768757687577,0.012967365463583316
50000,BF,0.8341232227488151,0.16587677725118483,0.009440175631174533
50000,BM,0.8271679805942995,0.17283201940570042,0.0060882800608828
50000,IF,0.8528347406513872,0.1471652593486128,0.017177647314633615
50000,IM,0.8579916815210933,0.14200831847890671,0.008105147864184009
50000,WF,0.8082932692307693,0.19170673076923078,0.002397036391370669
50000,WM,0.8836784409257004,0.11632155907429964,0.0008680555555555555
50000,AF,0.7550535077288941,0.24494649227110582,0.015111695137976347
50000,AM,0.8137603795966786,0.18623962040332148,0.011604992336325816
50000,BF,0.8387681159420289,0.161231884057971,0.010464355788096796
50000,BM,0.8355263157894737,0.16447368421052633,0.006993006993006993
50000,IF,0.8458669981354879,0.15413300186451212,0.0193631669535284
50000,IM,0.8559950556242274,0.14400494437577255,0.006695464362850972
50000,WF,0.8034083992696287,0.19659160073037127,0.0017353579175704988
50000,WM,0.8953846153846153,0.10461538461538461,0.00043243243243243243
50000,AF,0.7496932515337423,0.25030674846625767,0.019055868341273277
50000,AM,0.8117505995203836,0.1882494004796163,0.012649945474372955
50000,BF,0.834885164494103,0.16511483550589695,0.007340241796200345
50000,BM,0.8282323547782636,0.1717676452217364,0.009038089089735314
50000,IF,0.8537015276145711,0.1462984723854289,0.015587266739846322
50000,IM,0.8566108007448789,0.14338919925512103,0.007547983610092733
50000,WF,0.7911622276029056,0.20883777239709442,0.000869376222560313
50000,WM,0.8802946593001841,0.11970534069981584,0.0019476303830339753
50000,AF,0.7366526694661067,0.2633473305338932,0.019428072473259114
50000,AM,0.826302729528536,0.17369727047146402,0.010127127774186598
50000,BF,0.8299939283545841,0.1700060716454159,0.007832898172323759
50000,BM,0.8401714635639926,0.15982853643600733,0.008017334777898158
50000,IF,0.8535825545171339,0.14641744548286603,0.019131556319862426
50000,IM,0.8666666666666667,0.13333333333333333,0.007028332967274325
50000,WF,0.8117079058539529,0.18829209414604708,0.0015230635335073978
50000,WM,0.8731884057971014,0.12681159420289856,0.00108837614279495
50000,AF,0.7586206896551724,0.2413793103448276,0.017193208682570384
50000,AM,0.82335148215366,0.17664851784633998,0.012391304347826086
50000,BF,0.8318527918781726,0.1681472081218274,0.008356545961002786
50000,BM,0.8463399879007865,0.15366001209921354,0.00544069640914037
50000,IF,0.8382716049382716,0.1617283950617284,0.015527280569333621
50000,IM,0.8577559779276518,0.14224402207234826,0.009529997834091402
50000,WF,0.8211284513805522,0.1788715486194478,0.001526051885764116
50000,WM,0.8838095238095238,0.11619047619047619,0.001711229946524064
50000,AF,0.7267587939698492,0.27324120603015073,0.016967353951890033
50000,AM,0.8145057766367138,0.18549422336328628,0.012779552715654952
50000,BF,0.8342507645259939,0.1657492354740061,0.008029513888888888
50000,BM,0.8476420798065296,0.1523579201934704,0.0058772311710927295
50000,IF,0.8391437308868501,0.16085626911314985,0.017741237559498052
50000,IM,0.8631062001227747,0.1368937998772253,0.006927906473262611
50000,WF,0.7870928829915561,0.21290711700844392,0.0017410228509249185
50000,WM,0.8998778998778999,0.10012210012210013,0.0017346053772766695
50000,AF,0.7320891029500302,0.2679108970499699,0.018094615216917374
50000,AM,0.8223039215686274,0.17769607843137256,0.01211858904998918
50000,BF,0.8341523341523341,0.16584766584766586,0.006717226435536294
50000,BM,0.8388301182327318,0.1611698817672682,0.005817711700064641
50000,IF,0.847839318320146,0.15216068167985392,0.0188556566970091
50000,IM,0.8691476590636255,0.13085234093637454,0.008511567001309471
50000,WF,0.7998772252915899,0.20012277470841006,0.0017301038062283738
50000,WM,0.881619937694704,0.11838006230529595,0.00193756727664155
20000,AF,0.7178002894356006,0.2821997105643994,0.016039823008849558
20000,AM,0.8238021638330757,0.17619783616692428,0.011326860841423949
20000,BF,0.837138508371385,0.1628614916286149,0.008695652173913044
20000,BM,0.8229007633587786,0.17709923664122137,0.006507592190889371
20000,IF,0.86084142394822,0.13915857605177995,0.014846235418875928
20000,IM,0.8692421991084696,0.13075780089153047,0.007667031763417305
20000,WF,0.7870662460567823,0.21293375394321767,0.0010712372790573112
20000,WM,0.8808777429467085,0.11912225705329153,0.001611170784103115
20000,AF,0.7381316998468607,0.26186830015313933,0.021668472372697724
20000,AM,0.833063209076175,0.16693679092382496,0.014331210191082803
20000,BF,0.8441754916792739,0.15582450832072617,0.010348583877995643
20000,BM,0.796923076923077,0.20307692307692307,0.007030827474310438
20000,IF,0.8622222222222222,0.13777777777777778,0.019682886823400764
20000,IM,0.8606060606060606,0.1393939393939394,0.008156606851549755
20000,WF,0.8025682182985554,0.19743178170144463,0.002129925452609159
20000,WM,0.886039886039886,0.11396011396011396,0.0011123470522803114
20000,AF,0.7267267267267268,0.2732732732732733,0.014729950900163666
20000,AM,0.8093699515347335,0.19063004846526657,0.010626992561105207
20000,BF,0.8155802861685215,0.18441971383147854,0.010171306209850108
20000,BM,0.8322981366459627,0.16770186335403728,0.009164420485175202
20000,IF,0.8467614533965245,0.15323854660347552,0.01870657402458578
20000,IM,0.8632986627043091,0.13670133729569092,0.008762322015334063
20000,WF,0.7876823338735819,0.21231766612641814,0.0
20000,WM,0.8794117647058823,0.12058823529411765,0.002197802197802198
20000,AF,0.7695924764890282,0.2304075235109718,0.01934443847393874
20000,AM,0.8204724409448819,0.1795275590551181,0.00857449088960343
20000,BF,0.8546042003231018,0.14539579967689822,0.007454739084132056
20000,BM,0.8099041533546326,0.1900958466453674,0.008542445274959957
20000,IF,0.8567119155354449,0.14328808446455504,0.017925040738728953
20000,IM,0.8543247344461306,0.1456752655538695,0.014130434782608696
20000,WF,0.8047619047619048,0.19523809523809524,0.0016034206306787815
20000,WM,0.8929133858267716,0.10708661417322834,0.0021447721179624667
20000,AF,0.7304860088365243,0.2695139911634757,0.014285714285714285
20000,AM,0.803076923076923,0.19692307692307692,0.01242571582928147
20000,BF,0.8221528861154446,0.17784711388455537,0.009159482758620689
20000,BM,0.8349056603773585,0.1650943396226415,0.004830917874396135
20000,IF,0.8355957767722474,0.16440422322775264,0.019011406844106463
20000,IM,0.8724409448818897,0.12755905511811025,0.006437768240343348
20000,WF,0.8115501519756839,0.1884498480243161,0.002170374389582203
20000,WM,0.8887171561051005,0.11128284389489954,0.002698327037236913
20000,AF,0.7485207100591716,0.2514792899408284,0.01426220515633571
20000,AM,0.8338607594936709,0.1661392405063291,0.011771000535045479
20000,BF,0.8246445497630331,0.17535545023696683,0.00536480686695279
20000,BM,0.8293051359516617,0.17069486404833836,0.007621121393576484
20000,IF,0.8653295128939829,0.1346704871060172,0.018272425249169437
20000,IM,0.8823529411764706,0.11764705882352941,0.00909090909090909
20000,WF,0.7931034482758621,0.20689655172413793,0.0010905125408942203
20000,WM,0.8765060240963856,0.12349397590361445,0.0005446623093681918
20000,AF,0.7269890795631825,0.27301092043681746,0.017222820236813777
20000,AM,0.7846385542168675,0.21536144578313254,0.010887316276537834
20000,BF,0.8051750380517504,0.1948249619482496,0.010326086956521738
20000,BM,0.816260162601626,0.183739837398374,0.0074309978768577496
20000,IF,0.8582554517133957,0.14174454828660435,0.018259935553168637
20000,IM,0.8472440944881889,0.15275590551181104,0.011802575107296138
20000,WF,0.8111782477341389,0.18882175226586104,0.001087547580206634
20000,WM,0.8761904761904762,0.12380952380952381,0.0010695187165775401
20000,AF,0.7657232704402516,0.23427672955974843,0.015566290928609769
20000,AM,0.8195718654434251,0.18042813455657492,0.01353546291283162
20000,BF,0.8487261146496815,0.15127388535031847,0.00749063670411985
20000,BM,0.8333333333333334,0.16666666666666666,0.005981511691136488
20000,IF,0.8259587020648967,0.17404129793510326,0.01533406352683461
20000,IM,0.8516228748068007,0.14837712519319937,0.01079913606911447
20000,WF,0.8119122257053292,0.18808777429467086,0.0010735373054213634
20000,WM,0.889922480620155,0.11007751937984496,0.0016172506738544475
20000,AF,0.7370820668693009,0.2629179331306991,0.020097772949483977
20000,AM,0.8345534407027818,0.16544655929721816,0.0088008800880088
20000,BF,0.8348765432098766,0.16512345679012347,0.006489994591671174
20000,BM,0.8203240058910162,0.1796759941089838,0.005494505494505495
20000,IF,0.8375394321766562,0.16246056782334384,0.01764705882352941
20000,IM,0.8663594470046083,0.1336405529953917,0.004329004329004329
20000,WF,0.820097244732577,0.17990275526742303,0.0010615711252653928
20000,WM,0.8813291139240507,0.11867088607594936,0.0016059957173447537
20000,AF,0.746177370030581,0.25382262996941896,0.01788617886178862
20000,AM,0.7820895522388059,0.21791044776119403,0.014199890770071
20000,BF,0.8251533742331288,0.17484662576687116,0.007588075880758808
20000,BM,0.8346094946401225,0.16539050535987748,0.008125677139761646
20000,IF,0.8564954682779456,0.14350453172205438,0.021715526601520086
20000,IM,0.8524844720496895,0.14751552795031056,0.012398921832884097
20000,WF,0.8114630467571644,0.1885369532428356,0.001088139281828074
20000,WM,0.8948194662480377,0.10518053375196232,0.0042941492216854536
20000,AF,0.7191358024691358,0.2808641975308642,0.01350621285791464
20000,AM,0.8195956454121306,0.18040435458786935,0.012378902045209902
20000,BF,0.8456973293768546,0.1543026706231454,0.008228195282501372
20000,BM,0.8238897396630934,0.17611026033690658,0.004875406283856988
20000,IF,0.8353115727002968,0.16468842729970326,0.012021857923497269
20000,IM,0.853125,0.146875,0.009682625067240451
20000,WF,0.819376026272578,0.180623973727422,0.004228329809725159
20000,WM,0.9085365853658537,0.09146341463414634,0.0005422993492407809
20000,AF,0.7260677466863034,0.27393225331369664,0.019230769230769232
20000,AM,0.8428351309707242,0.15716486902927582,0.011879049676025918
20000,BF,0.8414239482200647,0.15857605177993528,0.006918573709419904
20000,BM,0.8012232415902141,0.19877675840978593,0.01084010840108401
20000,IF,0.8486842105263158,0.1513157894736842,0.016877637130801686
20000,IM,0.8737300435413643,0.1262699564586357,0.0071823204419889505
20000,WF,0.809748427672956,0.19025157232704404,0.0021447721179624667
20000,WM,0.8953125,0.1046875,0.0016129032258064516
20000,AF,0.7642526964560863,0.2357473035439137,0.015135135135135135
20000,AM,0.8140243902439024,0.18597560975609756,0.012466124661246613
20000,BF,0.8154506437768241,0.18454935622317598,0.007230255839822024
20000,BM,0.8220211161387632,0.1779788838612368,0.008169934640522876
20000,IF,0.8401253918495298,0.15987460815047022,0.01607717041800643
20000,IM,0.8782991202346041,0.1217008797653959,0.006604292790313704
20000,WF,0.8030534351145038,0.1969465648854962,0.0010834236186348862
20000,WM,0.886676875957121,0.11332312404287902,0.0010828370330265296
20000,AF,0.7435897435897436,0.2564102564102564,0.014705882352941176
20000,AM,0.806060606060606,0.19393939393939394,0.008690928843020097
20000,BF,0.8315789473684211,0.16842105263157894,0.0049126637554585155
20000,BM,0.8244514106583072,0.1755485893416928,0.006985491671144546
20000,IF,0.8420245398773006,0.1579754601226994,0.01673866090712743
20000,IM,0.8698315467075038,0.13016845329249618,0.0065005417118093175
20000,WF,0.8054662379421221,0.1945337620578778,0.0010643959552953698
20000,WM,0.8910741301059002,0.10892586989409984,0.001087547580206634
20000,AF,0.7458893871449925,0.25411061285500747,0.014754098360655738
20000,AM,0.8174474959612278,0.1825525040387722,0.012221041445270989
20000,BF,0.86,0.14,0.009745533297238766
20000,BM,0.8296622613803231,0.17033773861967694,0.006600660066006601
20000,IF,0.8638297872340426,0.13617021276595745,0.018899388549193995
20000,IM,0.8716012084592145,0.1283987915407855,0.009254218835057159
20000,WF,0.8121387283236994,0.18786127167630057,0.002211166390270868
20000,WM,0.893719806763285,0.10628019323671498,0.0026609898882384245
20000,AF,0.7581395348837209,0.24186046511627907,0.019956850053937433
20000,AM,0.7972768532526475,0.2027231467473525,0.013043478260869565
20000,BF,0.8253012048192772,0.1746987951807229,0.012547735951991271
20000,BM,0.8226744186046512,0.17732558139534885,0.00717835450027609
20000,IF,0.8507246376811595,0.1492753623188406,0.013230429988974642
20000,IM,0.8573619631901841,0.14263803680981596,0.011911207363291824
20000,WF,0.7787742899850523,0.22122571001494767,0.0027292576419213972
20000,WM,0.8730886850152905,0.12691131498470948,0.0016251354279523294
20000,AF,0.7279752704791345,0.27202472952086554,0.01565874730021598
20000,AM,0.8176100628930818,0.18238993710691823,0.0160857908847185
20000,BF,0.8194444444444444,0.18055555555555555,0.011898323418063819
20000,BM,0.8355957767722474,0.16440422322775264,0.006535947712418301
20000,IF,0.8681672025723473,0.13183279742765272,0.01487778958554729
20000,IM,0.8713826366559485,0.12861736334405144,0.007458710708577517
20000,WF,0.8312693498452013,0.16873065015479877,0.0005390835579514825
20000,WM,0.8682634730538922,0.1317365269461078,0.002183406113537118
20000,AF,0.7374045801526717,0.26259541984732826,0.019522776572668113
20000,AM,0.8055130168453293,0.19448698315467075,0.011363636363636364
20000,BF,0.8314785373608903,0.1685214626391097,0.011241970021413276
20000,BM,0.842814371257485,0.15718562874251496,0.005461496450027308
20000,IF,0.8358895705521472,0.16411042944785276,0.02159827213822894
20000,IM,0.8751974723538705,0.12480252764612954,0.011254019292604502
20000,WF,0.7994011976047904,0.20059880239520958,0.0016366612111292963
20000,WM,0.8913362701908958,0.10866372980910426,0.003298515667949423
20000,AF,0.7589285714285714,0.24107142857142858,0.016420361247947456
20000,AM,0.8108108108108109,0.1891891891891892,0.006539509536784741
20000,BF,0.84688995215311,0.15311004784688995,0.0058823529411764705
20000,BM,0.8215892053973014,0.17841079460269865,0.003820960698689956
20000,IF,0.832579185520362,0.167420814479638,0.017925040738728953
20000,IM,0.8631415241057543,0.1368584758942457,0.00646551724137931
20000,WF,0.7977883096366508,0.20221169036334913,0.0026766595289079227
20000,WM,0.8878205128205128,0.11217948717948718,0.0021321961620469083
20000,AF,0.7449139280125195,0.25508607198748046,0.014516129032258065
20000,AM,0.832807570977918,0.167192429022082,0.013926084627745045
20000,BF,0.8207407407407408,0.17925925925925926,0.012074643249176729
20000,BM,0.8308157099697885,0.1691842900302115,0.004354926510615134
20000,IF,0.8434108527131783,0.15658914728682172,0.023130715438407747
20000,IM,0.8685446009389671,0.13145539906103287,0.008602150537634409
20000,WF,0.775112443778111,0.22488755622188905,0.0021810250817884407
20000,WM,0.8928571428571429,0.10714285714285714,0.0021551724137931034
10000,AF,0.7777777777777778,0.2222222222222222,0.016198704103671708
10000,AM,0.7936046511627907,0.2063953488372093,0.017679558011049725
10000,BF,0.8198757763975155,0.18012422360248448,0.006472491909385114
10000,BM,0.8402366863905325,0.15976331360946747,0.006578947368421052
10000,IF,0.8535211267605634,0.14647887323943662,0.011160714285714286
10000,IM,0.8789808917197452,0.12101910828025478,0.008547008547008548
10000,WF,0.8032786885245902,0.19672131147540983,0.0010570824524312897
10000,WM,0.8795518207282913,0.12044817927170869,0.0033594624860022394
10000,AF,0.7331378299120235,0.2668621700879765,0.009900990099009901
10000,AM,0.7957957957957958,0.2042042042042042,0.007641921397379912
10000,BF,0.8353658536585366,0.16463414634146342,0.013029315960912053
10000,BM,0.815068493150685,0.18493150684931506,0.006263048016701462
10000,IF,0.8543689320388349,0.14563106796116504,0.02335456475583864
10000,IM,0.8865671641791045,0.11343283582089553,0.009836065573770493
10000,WF,0.8253012048192772,0.1746987951807229,0.001088139281828074
10000,WM,0.8837209302325582,0.11627906976744186,0.0011037527593818985
10000,AF,0.7492354740061162,0.25076452599388377,0.011917659804983749
10000,AM,0.8253012048192772,0.1746987951807229,0.013086150490730643
10000,BF,0.8524096385542169,0.14759036144578314,0.011995637949836423
10000,BM,0.8363636363636363,0.16363636363636364,0.004347826086956522
10000,IF,0.8563049853372434,0.1436950146627566,0.017582417582417582
10000,IM,0.8452722063037249,0.15472779369627507,0.01220865704772475
10000,WF,0.778816199376947,0.22118380062305296,0.001075268817204301
10000,WM,0.9025974025974026,0.09740259740259741,0.0
10000,AF,0.7596439169139466,0.2403560830860534,0.025191675794085433
10000,AM,0.8078175895765473,0.19218241042345277,0.016985138004246284
10000,BF,0.8338870431893688,0.16611295681063123,0.005274261603375527
10000,BM,0.8168604651162791,0.18313953488372092,0.008830022075055188
10000,IF,0.8386167146974063,0.16138328530259366,0.015486725663716814
10000,IM,0.8607594936708861,0.13924050632911392,0.008565310492505354
10000,WF,0.7965116279069767,0.20348837209302326,0.002205071664829107
10000,WM,0.8769230769230769,0.12307692307692308,0.001081081081081081
10000,AF,0.7639751552795031,0.2360248447204969,0.018318965517241378
10000,AM,0.8294117647058824,0.17058823529411765,0.007700770077007701
10000,BF,0.8087774294670846,0.19122257053291536,0.015053763440860216
10000,BM,0.7988165680473372,0.20118343195266272,0.003289473684210526
10000,IF,0.8416149068322981,0.15838509316770186,0.013993541442411194
10000,IM,0.856338028169014,0.14366197183098592,0.01005586592178771
10000,WF,0.8459302325581395,0.15406976744186046,0.006615214994487321
10000,WM,0.9098591549295775,0.09014084507042254,0.0022346368715083797
10000,AF,0.6996904024767802,0.30030959752321984,0.018338727076591153
10000,AM,0.8450292397660819,0.15497076023391812,0.012127894156560088
10000,BF,0.8307692307692308,0.16923076923076924,0.008658008658008658
10000,BM,0.8267477203647416,0.17325227963525835,0.00760043431053203
10000,IF,0.8468468468468469,0.15315315315315314,0.014161220043572984
10000,IM,0.8482142857142857,0.15178571428571427,0.006564551422319475
10000,WF,0.7988338192419825,0.20116618075801748,0.0022026431718061676
10000,WM,0.8746081504702194,0.12539184952978055,0.0010741138560687433
10000,AF,0.7835365853658537,0.21646341463414634,0.01193058568329718
10000,AM,0.8150470219435737,0.18495297805642633,0.008602150537634409
10000,BF,0.8240740740740741,0.17592592592592593,0.008648648648648649
10000,BM,0.8252148997134671,0.17478510028653296,0.004439511653718091
10000,IF,0.8452012383900929,0.15479876160990713,0.009698275862068966
10000,IM,0.9019607843137255,0.09803921568627451,0.00847457627118644
10000,WF,0.771875,0.228125,0.0021482277121374865
10000,WM,0.9009584664536742,0.09904153354632587,0.0021344717182497333
10000,AF,0.6955223880597015,0.3044776119402985,0.017486338797814208
10000,AM,0.7891566265060241,0.21084337349397592,0.016357688113413305
10000,BF,0.826625386996904,0.17337461300309598,0.01079913606911447
10000,BM,0.8469055374592834,0.15309446254071662,0.007423117709437964
10000,IF,0.8347578347578347,0.16524216524216523,0.022222222222222223
10000,IM,0.8803418803418803,0.11965811965811966,0.0055617352614015575
10000,WF,0.8179012345679012,0.18209876543209877,0.0
10000,WM,0.8838709677419355,0.11612903225806452,0.0010638297872340426
10000,AF,0.7370030581039755,0.26299694189602446,0.021668472372697724
10000,AM,0.8081395348837209,0.19186046511627908,0.011049723756906077
10000,BF,0.7925170068027211,0.20748299319727892,0.009424083769633508
10000,BM,0.8363095238095238,0.1636904761904762,0.007658643326039387
10000,IF,0.8304093567251462,0.1695906432748538,0.013201320132013201
10000,IM,0.8357348703170029,0.1642651296829971,0.004429678848283499
10000,WF,0.7951807228915663,0.20481927710843373,0.001088139281828074
10000,WM,0.8790560471976401,0.12094395280235988,0.003293084522502744
10000,AF,0.7350157728706624,0.26498422712933756,0.015005359056806002
10000,AM,0.8154761904761905,0.18452380952380953,0.009857612267250822
10000,BF,0.8313609467455622,0.16863905325443787,0.008781558726673985
10000,BM,0.8375796178343949,0.1624203821656051,0.003205128205128205
10000,IF,0.8369905956112853,0.16300940438871472,0.008583690987124463
10000,IM,0.8647058823529412,0.13529411764705881,0.008791208791208791
10000,WF,0.8348082595870207,0.16519174041297935,0.0021929824561403508
10000,WM,0.883008356545961,0.116991643454039,0.001122334455667789
10000,AF,0.6949152542372882,0.3050847457627119,0.018848167539267015
10000,AM,0.7784615384615384,0.22153846153846155,0.011904761904761904
10000,BF,0.834375,0.165625,0.007534983853606028
10000,BM,0.857566765578635,0.142433234421365,0.009857612267250822
10000,IF,0.8524096385542169,0.14759036144578314,0.023939064200217627
10000,IM,0.8430232558139535,0.1569767441860465,0.009933774834437087
10000,WF,0.7837837837837838,0.21621621621621623,0.0010893246187363835
10000,WM,0.9073482428115016,0.0926517571884984,0.0021344717182497333
10000,AF,0.6973293768545994,0.3026706231454006,0.014238773274917854
10000,AM,0.8051575931232091,0.19484240687679083,0.02
10000,BF,0.8249258160237388,0.17507418397626112,0.01206140350877193
10000,BM,0.8173374613003096,0.1826625386996904,0.003236245954692557
10000,IF,0.817629179331307,0.182370820668693,0.01843817787418655
10000,IM,0.888235294117647,0.11176470588235295,0.006593406593406593
10000,WF,0.8121019108280255,0.18789808917197454,0.0010672358591248667
10000,WM,0.8876404494382022,0.11235955056179775,0.0022371364653243847
10000,AF,0.7118155619596542,0.2881844380403458,0.021040974529346623
10000,AM,0.8012048192771084,0.19879518072289157,0.019629225736095966
10000,BF,0.8145695364238411,0.18543046357615894,0.009503695881731784
10000,BM,0.832807570977918,0.167192429022082,0.006430868167202572
10000,IF,0.8881789137380192,0.11182108626198083,0.009594882729211088
10000,IM,0.8662613981762918,0.1337386018237082,0.010857763300760043
10000,WF,0.7452229299363057,0.25477707006369427,0.0
10000,WM,0.8781163434903048,0.12188365650969529,0.0022497187851518562
10000,AF,0.7264437689969605,0.2735562310030395,0.019543973941368076
10000,AM,0.8197674418604651,0.18023255813953487,0.0077348066298342545
10000,BF,0.8045977011494253,0.19540229885057472,0.00776914539400666
10000,BM,0.846875,0.153125,0.010752688172043012
10000,IF,0.8579881656804734,0.14201183431952663,0.019715224534501644
10000,IM,0.8660968660968661,0.1339031339031339,0.008898776418242492
10000,WF,0.7327044025157232,0.2672955974842767,0.003215434083601286
10000,WM,0.877906976744186,0.12209302325581395,0.002207505518763797
10000,AF,0.7549019607843137,0.24509803921568626,0.020127118644067795
10000,AM,0.8212121212121212,0.1787878787878788,0.014145810663764961
10000,BF,0.8343023255813954,0.16569767441860464,0.0066298342541436465
10000,BM,0.8372093023255814,0.16279069767441862,0.005518763796909493
10000,IF,0.8338192419825073,0.1661807580174927,0.024229074889867842
10000,IM,0.8622754491017964,0.1377245508982036,0.014192139737991267
10000,WF,0.7896341463414634,0.21036585365853658,0.0032502708559046588
10000,WM,0.9043478260869565,0.09565217391304348,0.0
10000,AF,0.7484472049689441,0.2515527950310559,0.009698275862068966
10000,AM,0.8018018018018018,0.1981981981981982,0.009825327510917031
10000,BF,0.8096774193548387,0.19032258064516128,0.01703940362087327
10000,BM,0.8753709198813057,0.12462908011869436,0.009857612267250822
10000,IF,0.8699690402476781,0.13003095975232198,0.011853448275862068
10000,IM,0.8427299703264095,0.1572700296735905,0.012048192771084338
10000,WF,0.8504398826979472,0.1495601173020528,0.0032967032967032967
10000,WM,0.8651026392961877,0.1348973607038123,0.0044004400440044
10000,AF,0.7208672086720868,0.2791327913279133,0.01362088535754824
10000,AM,0.8262195121951219,0.17378048780487804,0.018458197611292075
10000,BF,0.8144927536231884,0.1855072463768116,0.00663716814159292
10000,BM,0.7813504823151125,0.21864951768488747,0.007454739084132056
10000,IF,0.860248447204969,0.13975155279503104,0.016146393972012917
10000,IM,0.8525073746312685,0.14749262536873156,0.0043907793633369925
10000,WF,0.7888563049853372,0.21114369501466276,0.0
10000,WM,0.865814696485623,0.134185303514377,0.0021344717182497333
10000,AF,0.6826923076923077,0.3173076923076923,0.017057569296375266
10000,AM,0.8,0.2,0.012711864406779662
10000,BF,0.8680351906158358,0.13196480938416422,0.00881057268722467
10000,BM,0.8498498498498499,0.15015015015015015,0.006543075245365322
10000,IF,0.8221574344023324,0.17784256559766765,0.019823788546255508
10000,IM,0.8984615384615384,0.10153846153846154,0.004324324324324324
10000,WF,0.7697368421052632,0.23026315789473684,0.0
10000,WM,0.8955223880597015,0.1044776119402985,0.003278688524590164
10000,AF,0.7460815047021944,0.25391849529780564,0.013963480128893663
10000,AM,0.808955223880597,0.191044776119403,0.0175054704595186
10000,BF,0.7926829268292683,0.2073170731707317,0.006514657980456026
10000,BM,0.8583815028901735,0.1416184971098266,0.0055309734513274336
10000,IF,0.8429003021148036,0.15709969788519637,0.016304347826086956
10000,IM,0.8758169934640523,0.12418300653594772,0.011652542372881356
10000,WF,0.8218390804597702,0.1781609195402299,0.0
10000,WM,0.8935483870967742,0.1064516129032258,0.0031914893617021275
10000,AF,0.7582781456953642,0.24172185430463577,0.017932489451476793
10000,AM,0.8111455108359134,0.18885448916408668,0.005399568034557235
10000,BF,0.8173374613003096,0.1826625386996904,0.01079913606911447
10000,BM,0.8480243161094225,0.1519756838905775,0.009771986970684038
10000,IF,0.8546511627906976,0.14534883720930233,0.023153252480705624
10000,IM,0.8885245901639345,0.11147540983606558,0.009523809523809525
10000,WF,0.8148148148148148,0.18518518518518517,0.0020964360587002098
10000,WM,0.8881789137380192,0.11182108626198083,0.0021344717182497333
5000,AF,0.759493670886076,0.24050632911392406,0.017130620985010708
5000,AM,0.770949720670391,0.22905027932960895,0.011210762331838564
5000,BF,0.8120805369127517,0.18791946308724833,0.008421052631578947
5000,BM,0.8066666666666666,0.19333333333333333,0.002105263157894737
5000,IF,0.85,0.15,0.011210762331838564
5000,IM,0.9010989010989011,0.0989010989010989,0.01580135440180587
5000,WF,0.8813559322033898,0.11864406779661017,0.0
5000,WM,0.8904109589041096,0.1095890410958904,0.0020876826722338203
5000,AF,0.7168674698795181,0.28313253012048195,0.023965141612200435
5000,AM,0.7307692307692307,0.2692307692307692,0.010660980810234541
5000,BF,0.8313253012048193,0.1686746987951807,0.002183406113537118
5000,BM,0.8260869565217391,0.17391304347826086,0.012320328542094456
5000,IF,0.861878453038674,0.13812154696132597,0.008988764044943821
5000,IM,0.8848484848484849,0.11515151515151516,0.004347826086956522
5000,WF,0.7844311377245509,0.2155688622754491,0.0
5000,WM,0.8571428571428571,0.14285714285714285,0.0
5000,AF,0.7564102564102564,0.24358974358974358,0.014925373134328358
5000,AM,0.7853107344632768,0.21468926553672316,0.004464285714285714
5000,BF,0.8129032258064516,0.1870967741935484,0.006396588486140725
5000,BM,0.8383233532934131,0.16167664670658682,0.017467248908296942
5000,IF,0.8287292817679558,0.1712707182320442,0.006741573033707865
5000,IM,0.8837209302325582,0.11627906976744186,0.017660044150110375
5000,WF,0.8333333333333334,0.16666666666666666,0.0
5000,WM,0.89937106918239,0.10062893081761007,0.004291845493562232
5000,AF,0.7757575757575758,0.22424242424242424,0.030434782608695653
5000,AM,0.7989130434782609,0.20108695652173914,0.018140589569160998
5000,BF,0.8136645962732919,0.18633540372670807,0.019438444924406047
5000,BM,0.8192771084337349,0.18072289156626506,0.006535947712418301
5000,IF,0.8333333333333334,0.16666666666666666,0.01939655172413793
5000,IM,0.8579881656804734,0.14201183431952663,0.013157894736842105
5000,WF,0.7975460122699386,0.20245398773006135,0.0021645021645021645
5000,WM,0.8727272727272727,0.12727272727272726,0.0
5000,AF,0.7329545454545454,0.26704545454545453,0.024498886414253896
5000,AM,0.8461538461538461,0.15384615384615385,0.011286681715575621
5000,BF,0.815028901734104,0.18497109826589594,0.0066518847006651885
5000,BM,0.8390804597701149,0.16091954022988506,0.004434589800443459
5000,IF,0.7987804878048781,0.20121951219512196,0.012987012987012988
5000,IM,0.8795180722891566,0.12048192771084337,0.013071895424836602
5000,WF,0.7906976744186046,0.20930232558139536,0.002207505518763797
5000,WM,0.8926553672316384,0.10734463276836158,0.0
5000,AF,0.7354838709677419,0.2645161290322581,0.010638297872340425
5000,AM,0.8390804597701149,0.16091954022988506,0.022172949002217297
5000,BF,0.8289473684210527,0.17105263157894737,0.0
5000,BM,0.8313953488372093,0.1686046511627907,0.004415011037527594
5000,IF,0.8273809523809523,0.17261904761904762,0.015283842794759825
5000,IM,0.8287292817679558,0.1712707182320442,0.0045045045045045045
5000,WF,0.7314285714285714,0.26857142857142857,0.0022222222222222222
5000,WM,0.8426966292134831,0.15730337078651685,0.0044742729306487695
5000,AF,0.7318435754189944,0.2681564245810056,0.013452914798206279
5000,AM,0.806060606060606,0.19393939393939394,0.008695652173913044
5000,BF,0.7719298245614035,0.22807017543859648,0.01545253863134658
5000,BM,0.8662420382165605,0.1337579617834395,0.004273504273504274
5000,IF,0.8376623376623377,0.16233766233766234,0.025423728813559324
5000,IM,0.8540145985401459,0.145985401459854,0.00819672131147541
5000,WF,0.8109756097560976,0.18902439024390244,0.0
5000,WM,0.9066666666666666,0.09333333333333334,0.0
5000,AF,0.7207792207792207,0.2792207792207792,0.016985138004246284
5000,AM,0.803921568627451,0.19607843137254902,0.012711864406779662
5000,BF,0.8076923076923077,0.19230769230769232,0.010683760683760684
5000,BM,0.8366013071895425,0.16339869281045752,0.006355932203389831
5000,IF,0.8620689655172413,0.13793103448275862,0.02702702702702703
5000,IM,0.903954802259887,0.096045197740113,0.011160714285714286
5000,WF,0.8235294117647058,0.17647058823529413,0.0
5000,WM,0.9252873563218391,0.07471264367816093,0.0022172949002217295
5000,AF,0.8047337278106509,0.1952662721893491,0.008771929824561403
5000,AM,0.7818181818181819,0.21818181818181817,0.004347826086956522
5000,BF,0.78125,0.21875,0.010775862068965518
5000,BM,0.8159509202453987,0.18404907975460122,0.008658008658008658
5000,IF,0.8414634146341463,0.15853658536585366,0.023809523809523808
5000,IM,0.9102564102564102,0.08974358974358974,0.006396588486140725
5000,WF,0.7386363636363636,0.26136363636363635,0.0022271714922048997
5000,WM,0.925,0.075,0.0
5000,AF,0.7413793103448276,0.25862068965517243,0.013303769401330377
5000,AM,0.8313253012048193,0.1686746987951807,0.015250544662309368
5000,BF,0.8282208588957055,0.17177914110429449,0.015184381778741865
5000,BM,0.8343949044585988,0.16560509554140126,0.00641025641025641
5000,IF,0.86875,0.13125,0.012875536480686695
5000,IM,0.8983050847457628,0.1016949152542373,0.008928571428571428
5000,WF,0.8208092485549133,0.1791907514450867,0.0
5000,WM,0.8333333333333334,0.16666666666666666,0.0021598272138228943
5000,AF,0.7464788732394366,0.2535211267605634,0.020703933747412008
5000,AM,0.7852760736196319,0.2147239263803681,0.006493506493506494
5000,BF,0.8571428571428571,0.14285714285714285,0.014893617021276596
5000,BM,0.834319526627219,0.16568047337278108,0.008771929824561403
5000,IF,0.8292682926829268,0.17073170731707318,0.017316017316017316
5000,IM,0.89375,0.10625,0.008602150537634409
5000,WF,0.80625,0.19375,0.002150537634408602
5000,WM,0.8757396449704142,0.1242603550295858,0.0
5000,AF,0.7844311377245509,0.2155688622754491,0.026200873362445413
5000,AM,0.8070175438596491,0.19298245614035087,0.013215859030837005
5000,BF,0.7975460122699386,0.20245398773006135,0.004338394793926247
5000,BM,0.7777777777777778,0.2222222222222222,0.004158004158004158
5000,IF,0.8607594936708861,0.13924050632911392,0.03205128205128205
5000,IM,0.8470588235294118,0.15294117647058825,0.006593406593406593
5000,WF,0.815028901734104,0.18497109826589594,0.0
5000,WM,0.9020979020979021,0.0979020979020979,0.002074688796680498
5000,AF,0.6976744186046512,0.3023255813953488,0.02869757174392936
5000,AM,0.8192771084337349,0.18072289156626506,0.006535947712418301
5000,BF,0.7595628415300546,0.24043715846994534,0.015873015873015872
5000,BM,0.83125,0.16875,0.008602150537634409
5000,IF,0.8227848101265823,0.17721518987341772,0.023504273504273504
5000,IM,0.8682634730538922,0.1317365269461078,0.006550218340611353
5000,WF,0.775,0.225,0.0
5000,WM,0.9038461538461539,0.09615384615384616,0.006396588486140725
5000,AF,0.7696969696969697,0.23030303030303031,0.01956521739130435
5000,AM,0.8717948717948718,0.1282051282051282,0.008528784648187633
5000,BF,0.8465909090909091,0.1534090909090909,0.004464285714285714
5000,BM,0.8082191780821918,0.1917808219178082,0.0041753653444676405
5000,IF,0.8418367346938775,0.15816326530612246,0.01627906976744186
5000,IM,0.84375,0.15625,0.008602150537634409
5000,WF,0.710691823899371,0.2893081761006289,0.0
5000,WM,0.89937106918239,0.10062893081761007,0.0
5000,AF,0.7228915662650602,0.27710843373493976,0.010893246187363835
5000,AM,0.8175675675675675,0.18243243243243243,0.010482180293501049
5000,BF,0.8352941176470589,0.16470588235294117,0.013215859030837005
5000,BM,0.8475609756097561,0.1524390243902439,0.004338394793926247
5000,IF,0.80625,0.19375,0.02575107296137339
5000,IM,0.8598726114649682,0.14012738853503184,0.00641025641025641
5000,WF,0.7544910179640718,0.24550898203592814,0.004366812227074236
5000,WM,0.9122807017543859,0.08771929824561403,0.0022026431718061676
5000,AF,0.782608695652174,0.21739130434782608,0.01939655172413793
5000,AM,0.8176470588235294,0.18235294117647058,0.01978021978021978
5000,BF,0.8322147651006712,0.16778523489932887,0.010526315789473684
5000,BM,0.8,0.2,0.004347826086956522
5000,IF,0.8773006134969326,0.12269938650306748,0.03023758099352052
5000,IM,0.831081081081081,0.16891891891891891,0.008385744234800839
5000,WF,0.7926829268292683,0.2073170731707317,0.0
5000,WM,0.9060402684563759,0.09395973154362416,0.0
5000,AF,0.7378048780487805,0.2621951219512195,0.013015184381778741
5000,AM,0.7783783783783784,0.22162162162162163,0.01818181818181818
5000,BF,0.8385093167701864,0.16149068322981366,0.01079913606911447
5000,BM,0.852760736196319,0.147239263803681,0.010822510822510822
5000,IF,0.8187134502923976,0.18128654970760233,0.01978021978021978
5000,IM,0.8809523809523809,0.11904761904761904,0.01312910284463895
5000,WF,0.79375,0.20625,0.002150537634408602
5000,WM,0.9195402298850575,0.08045977011494253,0.0
5000,AF,0.6972972972972973,0.3027027027027027,0.03636363636363636
5000,AM,0.8417721518987342,0.15822784810126583,0.006423982869379015
5000,BF,0.8164556962025317,0.18354430379746836,0.002145922746781116
5000,BM,0.8285714285714286,0.17142857142857143,0.011111111111111112
5000,IF,0.8181818181818182,0.18181818181818182,0.015184381778741865
5000,IM,0.8291139240506329,0.17088607594936708,0.0021413276231263384
5000,WF,0.7894736842105263,0.21052631578947367,0.0
5000,WM,0.875,0.125,0.002188183807439825
5000,AF,0.7202380952380952,0.27976190476190477,0.02188183807439825
5000,AM,0.8363636363636363,0.16363636363636364,0.008695652173913044
5000,BF,0.8128654970760234,0.1871345029239766,0.006622516556291391
5000,BM,0.8231292517006803,0.17687074829931973,0.006276150627615063
5000,IF,0.8211920529801324,0.17880794701986755,0.021052631578947368
5000,IM,0.896774193548387,0.1032258064516129,0.010638297872340425
5000,WF,0.8041958041958042,0.1958041958041958,0.0
5000,WM,0.8881987577639752,0.11180124223602485,0.004310344827586207
5000,AF,0.782312925170068,0.21768707482993196,0.012552301255230125
5000,AM,0.782608695652174,0.21739130434782608,0.008620689655172414
5000,BF,0.8539325842696629,0.14606741573033707,0.01569506726457399
5000,BM,0.8538011695906432,0.14619883040935672,0.006607929515418502
5000,IF,0.8165680473372781,0.1834319526627219,0.015317286652078774
5000,IM,0.8280254777070064,0.17197452229299362,0.004273504273504274
5000,WF,0.8048780487804879,0.1951219512195122,0.0
5000,WM,0.8928571428571429,0.10714285714285714,0.0
