metric,sample_size,repetition,worst_group,gap
FNR,100000,0,AF,0.13585644900975918
FNR,100000,1,AF,0.1469190906652204
FNR,100000,2,AF,0.12129696142793012
FNR,100000,3,AF,0.1507532823890208
FNR,100000,4,AF,0.1332512463345139
FNR,100000,5,AF,0.14697188787346527
FNR,100000,6,AF,0.14625433122090858
FNR,100000,7,AF,0.1464474714948698
FNR,100000,8,AF,0.15367185367185376
FNR,100000,9,AF,0.12905478487389732
FNR,100000,10,AF,0.14093181309893893
FNR,100000,11,AF,0.14546944858420272
FNR,100000,12,AF,0.12943302504031282
FNR,100000,13,AF,0.1355791782740281
FNR,100000,14,AF,0.14861048165749952
FNR,100000,15,AF,0.13908357475228428
FNR,100000,16,AF,0.1294695537960482
FNR,100000,17,AF,0.13835990399920828
FNR,100000,18,AF,0.1397326960523987
FNR,100000,19,AF,0.1399763533926917
FNR,50000,0,AF,0.12614196148678902
FNR,50000,1,AF,0.1236612541282325
FNR,50000,2,AF,0.1450277835419982
FNR,50000,3,AF,0.13342245989304807
FNR,50000,4,AF,0.1476220639929305
FNR,50000,5,AF,0.15622764720237636
FNR,50000,6,AF,0.1436620142433413
FNR,50000,7,AF,0.13692445322822738
FNR,50000,8,AF,0.14819174860004192
FNR,50000,9,AF,0.1475455336677023
FNR,50000,10,AF,0.13550650005083337
FNR,50000,11,AF,0.1541708088162856
FNR,50000,12,AF,0.15186505224099212
FNR,50000,13,AF,0.1496759315154118
FNR,50000,14,AF,0.1403311076557212
FNR,50000,15,AF,0.1306014077664418
FNR,50000,16,AF,0.1365357363309947
FNR,50000,17,AF,0.1251888341543515
FNR,50000,18,AF,0.17311910590805057
FNR,50000,19,AF,0.149530834744674
FNR,20000,0,AF,0.16307745351110792
FNR,20000,1,AF,0.14790818619302537
FNR,20000,2,AF,0.15268503797915567
FNR,20000,3,AF,0.12332090933774349
FNR,20000,4,AF,0.15823114726857618
FNR,20000,5,AF,0.13383223111729903
FNR,20000,6,AF,0.1492013966272936
FNR,20000,7,AF,0.1241992101799035
FNR,20000,8,AF,0.1442470470547498
FNR,20000,9,AF,0.1486420962174566
FNR,20000,10,AF,0.1894007828967179
FNR,20000,11,AF,0.1692447533136966
FNR,20000,12,AF,0.12242417950103471
FNR,20000,13,AF,0.14748438651615658
FNR,20000,14,AF,0.14783041961829252
FNR,20000,15,AF,0.11494915013156962
FNR,20000,16,AF,0.14340736617681407
FNR,20000,17,AF,0.153931690038224
FNR,20000,18,AF,0.12889194139194138
FNR,20000,19,AF,0.1479432148446233
FNR,10000,0,AF,0.10177404295051361
FNR,10000,1,AF,0.15342933426708102
FNR,10000,2,AF,0.15336192859128633
FNR,10000,3,AF,0.11727916000913041
FNR,10000,4,AF,0.1458839996500744
FNR,10000,5,AF,0.1749177479934393
FNR,10000,6,WF,0.1300857843137255
FNR,10000,7,AF,0.188348579682234
FNR,10000,8,AF,0.1420529890936646
FNR,10000,9,AF,0.1479925836752985
FNR,10000,10,AF,0.2124329885742135
FNR,10000,11,AF,0.1909059172630477
FNR,10000,12,AF,0.17636335177836504
FNR,10000,13,AF,0.1514632077472256
FNR,10000,14,AF,0.1494458653026428
FNR,10000,15,AF,0.1269237149123616
FNR,10000,16,AF,0.1449474878135363
FNR,10000,17,AF,0.2157692307692308
FNR,10000,18,AF,0.14746688239457978
FNR,10000,19,AF,0.1302464444685702
FNR,5000,0,AF,0.14160523021282512
FNR,5000,1,AF,0.16798101496896678
FNR,5000,2,AF,0.14296081277213352
FNR,5000,3,AF,0.09696969696969698
FNR,5000,4,AF,0.159700821777093
FNR,5000,5,WF,0.11126805778491172
FNR,5000,6,AF,0.17482309124767229
FNR,5000,7,AF,0.20450813554261832
FNR,5000,8,WF,0.1863636363636363
FNR,5000,9,AF,0.15692577440093508
FNR,5000,10,AF,0.14727112676056336
FNR,5000,11,BM,0.1243201243201243
FNR,5000,12,AF,0.20617173524150273
FNR,5000,13,WF,0.18867924528301894
FNR,5000,14,AF,0.1893891354893257
FNR,5000,15,AF,0.1234315728042019
FNR,5000,16,AF,0.18173535183627704
FNR,5000,17,AF,0.17770270270270272
FNR,5000,18,AF,0.17653609831029182
FNR,5000,19,AF,0.11054421768707481
FPR,100000,0,IF,0.01621052900882
FPR,100000,1,IF,0.017939720287670498
FPR,100000,2,IF,0.0168449546244087
FPR,100000,3,IF,0.0177284590327275
FPR,100000,4,AF,0.015674177922296702
FPR,100000,5,AF,0.016146743396679698
FPR,100000,6,IF,0.0158445566518336
FPR,100000,7,AF,0.0166106818545263
FPR,100000,8,AF,0.016376643265968802
FPR,100000,9,IF,0.0144194415964296
FPR,100000,10,IF,0.0166556981082399
FPR,100000,11,AF,0.0168218906632474
FPR,100000,12,AF,0.0147169777036406
FPR,100000,13,IF,0.0173436091588983
FPR,100000,14,AF,0.017412407756185598
FPR,100000,15,AF,0.0156963759929506
FPR,100000,16,IF,0.0161077679986972
FPR,100000,17,IF,0.0185075744003129
FPR,100000,18,AF,0.015545366174384501
FPR,100000,19,AF,0.0163395969937094
FPR,50000,0,IF,0.017574250229533503
FPR,50000,1,IF,0.0202485944644238
FPR,50000,2,AF,0.0152676812795771
FPR,50000,3,IF,0.0172935208680813
FPR,50000,4,IF,0.0158173711204406
FPR,50000,5,IF,0.018205450487605898
FPR,50000,6,IF,0.0170497654864971
FPR,50000,7,IF,0.0167584124843697
FPR,50000,8,AF,0.016800855850049302
FPR,50000,9,AF,0.0168975160866611
FPR,50000,10,IF,0.0179103808562169
FPR,50000,11,IF,0.0146266945243331
FPR,50000,12,AF,0.0150241490448569
FPR,50000,13,AF,0.0182552792102373
FPR,50000,14,IF,0.018930734521096
FPR,50000,15,AF,0.0181864921187129
FPR,50000,16,AF,0.0183396963304642
FPR,50000,17,AF,0.0156671567968062
FPR,50000,18,IF,0.0160066321822214
FPR,50000,19,IF,0.017125552890780802
FPR,20000,0,AF,0.014968585729792198
FPR,20000,1,AF,0.0205561253204174
FPR,20000,2,IF,0.0187065740245857
FPR,20000,3,AF,0.017741017843259998
FPR,20000,4,IF,0.016841032454524202
FPR,20000,5,IF,0.0177277629398013
FPR,20000,6,IF,0.0171904168365911
FPR,20000,7,AF,0.014492753623188399
FPR,20000,8,AF,0.019036201824218602
FPR,20000,9,IF,0.020627387319692
FPR,20000,10,AF,0.0129639135086739
FPR,20000,11,AF,0.0176178660049628
FPR,20000,12,IF,0.014994333384979899
FPR,20000,13,IF,0.0156742649518321
FPR,20000,14,IF,0.0166882221589231
FPR,20000,15,AF,0.018331714625985103
FPR,20000,16,AM,0.0155467073267671
FPR,20000,17,IF,0.0199616109270997
FPR,20000,18,IF,0.015792844576682
FPR,20000,19,IF,0.020975543024614598
FPR,10000,0,AM,0.0166224755586185
FPR,10000,1,IF,0.0222664254740106
FPR,10000,2,IF,0.0175824175824175
FPR,10000,3,AF,0.024110594713004398
FPR,10000,4,AF,0.016084328645733
FPR,10000,5,AF,0.0172646132205224
FPR,10000,6,AF,0.0097961139650474
FPR,10000,7,IF,0.0222222222222222
FPR,10000,8,AF,0.0205803330908697
FPR,10000,9,AF,0.0138830246011383
FPR,10000,10,IF,0.022849739581481298
FPR,10000,11,AM,0.0189327641408752
FPR,10000,12,AF,0.0210409745293466
FPR,10000,13,IF,0.0175077190157379
FPR,10000,14,IF,0.0242290748898678
FPR,10000,15,BF,0.013742700324170002
FPR,10000,16,AM,0.018458197611292
FPR,10000,17,IF,0.0198237885462555
FPR,10000,18,AM,0.0175054704595186
FPR,10000,19,IF,0.0210568164220054
FPR,5000,0,AF,0.0171306209850107
FPR,5000,1,AF,0.0239651416122004
FPR,5000,2,IM,0.0176600441501103
FPR,5000,3,AF,0.0304347826086956
FPR,5000,4,AF,0.0244988864142538
FPR,5000,5,AM,0.0221729490022172
FPR,5000,6,IF,0.0254237288135593
FPR,5000,7,IF,0.027027027027027
FPR,5000,8,IF,0.0238095238095238
FPR,5000,9,AM,0.0152505446623093
FPR,5000,10,AF,0.020703933747412
FPR,5000,11,IF,0.032051282051282
FPR,5000,12,AF,0.0286975717439293
FPR,5000,13,AF,0.0195652173913043
FPR,5000,14,IF,0.0235484297895672
FPR,5000,15,IF,0.0302375809935205
FPR,5000,16,IF,0.0197802197802197
FPR,5000,17,AF,0.0363636363636363
FPR,5000,18,AF,0.0218818380743982
FPR,5000,19,BF,0.0156950672645739
