metric,threshold,worst_group,gap,worst_group_reversal,kendall_tau_previous,ranking_instability,magnitude_change
FNR,0.3,AF,0.008870908627449499,0,,,
FNR,0.35,AF,0.0226209682614689,0,0.3571428571428571,0.6428571428571429,0.013750059634019401
FNR,0.4,AF,0.046545073654977204,0,0.6428571428571428,0.3571428571428572,0.023924105393508303
FNR,0.45,AF,0.08893497090797359,0,0.2857142857142857,0.7142857142857143,0.042389897252996384
FNR,0.5,AF,0.1417296831334527,0,0.9999999999999998,2.220446049250313e-16,0.0527947122254791
FNR,0.55,AF,0.1921251131317874,0,0.9285714285714285,0.07142857142857151,0.05039542999833471
FNR,0.6,AF,0.23273041957871432,0,0.8571428571428571,0.1428571428571429,0.04060530644692692
FNR,0.65,AF,0.24213307682918317,0,0.7857142857142856,0.2142857142857144,0.009402657250468849
FNR,0.7,AF,0.21775237346001297,0,0.6428571428571428,0.3571428571428572,0.024380703369170198
FPR,0.3,IF,0.2487228696071362,0,,,
FPR,0.35,IF,0.20462167053883223,0,0.6428571428571428,0.3571428571428572,0.04410119906830395
FPR,0.4,IF,0.1175428506405296,0,0.9999999999999998,2.220446049250313e-16,0.08707881989830263
FPR,0.45,IF,0.049871451948912,0,0.9999999999999998,2.220446049250313e-16,0.0676713986916176
FPR,0.5,IF,0.0160030243849922,0,0.9999999999999998,2.220446049250313e-16,0.033868427563919806
FPR,0.55,AF,0.005027565464585401,1,0.42857142857142855,0.5714285714285714,0.010975458920406798
FPR,0.6,AF,0.001221613231001642,0,0.6428571428571428,0.3571428571428572,0.0038059522335837587
FPR,0.65,AF,0.0002349210078111,0,0.6428571428571428,0.3571428571428572,0.000986692223190542
FPR,0.7,BF,2.3524983532511527e-05,1,0.21428571428571427,0.7857142857142857,0.00021139602427858845
