threshold,group,TPR,FPR,FNR
0.3,AF,0.9882915567282322,0.39133141481176953,0.01170844327176781
0.3,AM,0.9925107225338172,0.3490473061760841,0.007489277466182778
0.3,BF,0.9947937261104521,0.3189987767008563,0.005206273889547911
0.3,BM,0.9907315786001715,0.2836471265312834,0.009268421399828485
0.3,IF,0.9971624653556816,0.4420486123324774,0.002837534644318332
0.3,IM,0.9964363492377747,0.32645152198421645,0.0035636507622253018
0.3,WF,0.993600105565269,0.2219119251845159,0.006399894434730973
0.3,WM,0.9951478743068392,0.19332574272534128,0.004852125693160813
0.35,AF,0.966358839050132,0.2292946496740471,0.033641160949868076
0.35,AM,0.9759815242494226,0.1875,0.02401847575057737
0.35,BF,0.9847436404375907,0.1604992001505599,0.015256359562409385
0.35,BM,0.9765485849990105,0.1329441749568363,0.02345141500098951
0.35,IF,0.9889798073116008,0.2730427849496406,0.011020192688399103
0.35,IM,0.983996568336303,0.15905674558436678,0.016003431663696957
0.35,WF,0.9782601524098572,0.0824073313542119,0.021739847590142844
0.35,WM,0.9857076841827304,0.0684211144108084,0.014292315817269606
0.4,AF,0.9220646437994723,0.11451224525753216,0.0779353562005277
0.4,AM,0.9445727482678984,0.08962596207996996,0.05542725173210162
0.4,BF,0.9602939238170555,0.07109250023524984,0.039706076182944514
0.4,BM,0.9472260703212613,0.05746937433199046,0.0527739296787387
0.4,IF,0.9611653688795038,0.14012686575914265,0.03883463112049624
0.4,IM,0.9594799709628457,0.06737363773017663,0.04052002903715436
0.4,WF,0.9475472569524627,0.027328303392276734,0.05245274304753736
0.4,WM,0.9686097174544495,0.02258401511861303,0.03139028254555057
0.45,AF,0.8489116094986807,0.049591824748928176,0.15108839050131925
0.45,AM,0.8923127680633455,0.03711047493899005,0.10768723193665457
0.45,BF,0.9109331751680506,0.027806530535428624,0.08906682483194939
0.45,BM,0.8990038920773138,0.021575973972586652,0.10099610792268619
0.45,IF,0.9139501121816023,0.05639780974826175,0.08604988781839779
0.45,IM,0.9205767834752194,0.02600056369785795,0.07942321652478057
0.45,WF,0.8909048922904365,0.007134224329113033,0.10909510770956356
0.45,WM,0.9378465804066544,0.006526357799349711,0.06215341959334566
0.5,AF,0.7434366754617414,0.017337170376460913,0.2565633245382586
0.5,AM,0.8128670405806665,0.012483574244415242,0.18713295941933356
0.5,BF,0.8314880717015949,0.008880681283523102,0.16851192829840517
0.5,BM,0.8289465004287881,0.00669477689949613,0.17105349957121183
0.5,IF,0.8458822753068497,0.017599399674041765,0.15411772469315033
0.5,IM,0.8617765458985019,0.008197106350995867,0.13822345410149806
0.5,WF,0.7979744664005542,0.0017248864743085787,0.20202553359944578
0.5,WM,0.8851663585951941,0.0015963752890495698,0.11483364140480591
0.55,AF,0.6092678100263852,0.00540318317965584,0.39073218997361475
0.55,AM,0.70884196634774,0.003308616482072461,0.29115803365226
0.55,BF,0.7126993541584289,0.0025054107462124777,0.2873006458415711
0.55,BM,0.7355366448974207,0.0020906496282637036,0.26446335510257934
0.55,IF,0.7470964761779069,0.0042093167774690165,0.2529035238220932
0.55,IM,0.7828482808684749,0.0017732995114618565,0.21715171913152512
0.55,WF,0.6701745125853594,0.000387219412599885,0.3298254874146406
0.55,WM,0.8013929231581727,0.000375617715070487,0.1986070768418273
0.6,AF,0.450032981530343,0.0012568273917895108,0.549967018469657
0.6,AM,0.5771032662487627,0.0007508916838746011,0.4228967337512372
0.6,BF,0.5634638196915777,0.0005881245883127882,0.4365361803084223
0.6,BM,0.6136288673395343,0.0004110827920743238,0.38637113266046574
0.6,IF,0.6063085653952752,0.0006683316331914594,0.39369143460472483
0.6,IM,0.6726720781363427,0.0003288237504697482,0.32732792186365733
0.6,WF,0.5201398739814601,5.866960796967955e-05,0.4798601260185399
0.6,WM,0.6827634011090573,3.521416078785816e-05,0.3172365988909427
0.65,AF,0.29178759894459105,0.00023492100781112352,0.708212401055409
0.65,AM,0.4304190036291653,0.00011732682560540642,0.5695809963708347
0.65,BF,0.3975550283379465,0.00011762491766255763,0.6024449716620535
0.65,BM,0.466653473184247,1.1745222630694965e-05,0.533346526815753
0.65,IF,0.4383331133694074,5.862558185889995e-05,0.5616668866305926
0.65,IM,0.5339206757737742,4.6974821495678314e-05,0.46607932422622583
0.65,WF,0.359218817009204,0.0,0.640781182990796
0.65,WM,0.5293438077634011,0.0,0.4706561922365989
0.7,AF,0.15738786279683378,0.0,0.8426121372031662
0.7,AM,0.28218409765753877,1.1732682560540642e-05,0.7178159023424613
0.7,BF,0.2395874522209042,2.3524983532511527e-05,0.7604125477790958
0.7,BM,0.3001847087538756,1.1745222630694965e-05,0.6998152912461244
0.7,IF,0.27006071004355287,0.0,0.7299392899564472
0.7,IM,0.37514023625684684,1.1743705373919579e-05,0.6248597637431532
0.7,WF,0.2110975489064098,0.0,0.7889024510935903
0.7,WM,0.3609717454449432,0.0,0.6390282545550567
